batch_size,learning_rate,validation_loss
16,0.001,0.07092316968944566
16,0.01,0.15419244663468723
16,0.05,0.2649908749193981
16,0.1,0.1683596632090108
32,0.001,0.0587660894279593
32,0.01,0.1271081473036059
32,0.05,0.2187295926670576
32,0.1,0.18499960159433299
64,0.001,0.08175045139445312
64,0.01,0.09692899516687312
64,0.05,0.2407055605074455
64,0.1,0.2029254293261931
128,0.001,0.0805406170126436
128,0.01,0.09716321373807973
128,0.05,0.14392898270282253
128,0.1,0.18561664133750158
